"Source:","E:\Repositories\Auto-Water-Base\Schematics\sensor-hub\sensor-hub.kicad_sch"
"Date:","11/7/2024 4:26:13 AM"
"Tool:","Eeschema (6.0.0)"
"Generator:","C:\Program Files\KiCad\6.0\bin\scripting\plugins/bom_csv_grouped_by_value.py"
"Component Count:","85"

"Individual Components:"

"Item","Qty","Reference(s)","Value","LibPart","Footprint","Datasheet","Datasheet_1","Footprint_1","JLCPCB_Component","Reference_1","Value_1"
"","","C1","1u","Device:C","Capacitor_SMD:C_0805_2012Metric_Pad1.18x1.45mm_HandSolder","~","","","","",""
"","","C2","4.7u","Device:C","Capacitor_SMD:C_0805_2012Metric_Pad1.18x1.45mm_HandSolder","~","","","","",""
"","","C3","10u","Device:C","Capacitor_SMD:C_0805_2012Metric_Pad1.18x1.45mm_HandSolder","~","","","","",""
"","","C4","0.1u","Device:C","Capacitor_SMD:C_0805_2012Metric_Pad1.18x1.45mm_HandSolder","~","","","","",""
"","","C5","0.1u","Device:C","Capacitor_SMD:C_0805_2012Metric_Pad1.18x1.45mm_HandSolder","~","","","","",""
"","","C6","1u","Device:C","Capacitor_SMD:C_0805_2012Metric_Pad1.18x1.45mm_HandSolder","~","","","","",""
"","","C7","15p","Device:C","Capacitor_SMD:C_0805_2012Metric_Pad1.18x1.45mm_HandSolder","~","","","","",""
"","","C8","0.1u","Device:C","Capacitor_SMD:C_0805_2012Metric_Pad1.18x1.45mm_HandSolder","~","","","","",""
"","","C9","0.1u","Device:C","Capacitor_SMD:C_0805_2012Metric_Pad1.18x1.45mm_HandSolder","~","","","","",""
"","","C10","15p","Device:C","Capacitor_SMD:C_0805_2012Metric_Pad1.18x1.45mm_HandSolder","~","","","","",""
"","","C11","22u","Device:C","Capacitor_SMD:C_0805_2012Metric_Pad1.18x1.45mm_HandSolder","~","","","","",""
"","","C12","0.1u","Device:C","Capacitor_SMD:C_0805_2012Metric_Pad1.18x1.45mm_HandSolder","~","","","","",""
"","","C13","1n","Device:C","Capacitor_SMD:C_0805_2012Metric_Pad1.18x1.45mm_HandSolder","~","","","","",""
"","","C14","1n","Device:C","Capacitor_SMD:C_0805_2012Metric_Pad1.18x1.45mm_HandSolder","~","","","","",""
"","","C15","1n","Device:C","Capacitor_SMD:C_0805_2012Metric_Pad1.18x1.45mm_HandSolder","~","","","","",""
"","","C16","1n","Device:C","Capacitor_SMD:C_0805_2012Metric_Pad1.18x1.45mm_HandSolder","~","","","","",""
"","","C17","1n","Device:C","Capacitor_SMD:C_0805_2012Metric_Pad1.18x1.45mm_HandSolder","~","","","","",""
"","","C18","1u","Device:C","Capacitor_SMD:C_0805_2012Metric_Pad1.18x1.45mm_HandSolder","~","","","","",""
"","","C19","10u","Device:C","Capacitor_SMD:C_0805_2012Metric_Pad1.18x1.45mm_HandSolder","~","","","","",""
"","","D1","ESD9B5.0ST5G","Diode:ESD9B5.0ST5G","Diode_SMD:D_SOD-923","https://www.onsemi.com/pub/Collateral/ESD9B-D.PDF","","","","",""
"","","D2","ESD9B5.0ST5G","Diode:ESD9B5.0ST5G","Diode_SMD:D_SOD-923","https://www.onsemi.com/pub/Collateral/ESD9B-D.PDF","","","","",""
"","","D3","LED","Device:LED","LED_SMD:LED_0805_2012Metric_Pad1.15x1.40mm_HandSolder","~","","","","",""
"","","D4","LED","Device:LED","LED_SMD:LED_0805_2012Metric_Pad1.15x1.40mm_HandSolder","~","","","","",""
"","","D5","40V","Device:D_Schottky","Diode_SMD:D_SOD-123F","https://www.onsemi.com/pdf/datasheet/ss26fl-d.pdf","","","","",""
"","","D6","LED","Device:LED","LED_SMD:LED_0805_2012Metric_Pad1.15x1.40mm_HandSolder","~","","","","",""
"","","D7","LED","Device:LED","LED_SMD:LED_0805_2012Metric_Pad1.15x1.40mm_HandSolder","~","","","","",""
"","","D8","ESD9B5.0ST5G","Diode:ESD9B5.0ST5G","Diode_SMD:D_SOD-923","https://www.onsemi.com/pub/Collateral/ESD9B-D.PDF","","","","",""
"","","FB1","120 ohms","Device:FerriteBead","Resistor_SMD:R_0805_2012Metric_Pad1.20x1.40mm_HandSolder","~","","","","",""
"","","H1","MountingHole","Mechanical:MountingHole","MountingHole:MountingHole_3.2mm_M3","~","","","","",""
"","","H2","MountingHole","Mechanical:MountingHole","MountingHole:MountingHole_3.2mm_M3","~","","","","",""
"","","H3","MountingHole","Mechanical:MountingHole","MountingHole:MountingHole_3.2mm_M3","~","","","","",""
"","","H4","MountingHole","Mechanical:MountingHole","MountingHole:MountingHole_3.2mm_M3","~","","","","",""
"","","H5","MountingHole","Mechanical:MountingHole","MountingHole:MountingHole_3.2mm_M3","~","","","","",""
"","","H6","MountingHole","Mechanical:MountingHole","MountingHole:MountingHole_3.2mm_M3","~","","","","",""
"","","J1","USB_C_Receptacle_USB2.0","Connector:USB_C_Receptacle_USB2.0","Connector_USB:USB_C_Receptacle_HRO_TYPE-C-31-M-12","https://www.usb.org/sites/default/files/documents/usb_type-c.zip","","","","",""
"","","J2","Conn_01x03","Connector_Generic:Conn_01x03","Connector_JST:JST_PH_B3B-PH-K_1x03_P2.00mm_Vertical","~","","","","",""
"","","J3","Conn_01x09_Male","Connector:Conn_01x09_Male","Connector_PinHeader_2.54mm:PinHeader_1x09_P2.54mm_Vertical","~","","","","",""
"","","Q1","BC818","Transistor_BJT:BC818","Package_TO_SOT_SMD:SOT-23","https://www.onsemi.com/pub/Collateral/BC818-D.pdf","","","","",""
"","","Q2","BC818","Transistor_BJT:BC818","Package_TO_SOT_SMD:SOT-23","https://www.onsemi.com/pub/Collateral/BC818-D.pdf","","","","",""
"","","R1","4.12k","Device:R","Resistor_SMD:R_0805_2012Metric_Pad1.20x1.40mm_HandSolder","~","","","","",""
"","","R2","1.18k","Device:R","Resistor_SMD:R_0805_2012Metric_Pad1.20x1.40mm_HandSolder","~","","","","",""
"","","R3","1.13k","Device:R","Resistor_SMD:R_0805_2012Metric_Pad1.20x1.40mm_HandSolder","~","","","","",""
"","","R4","5.1k","Device:R","Resistor_SMD:R_0805_2012Metric_Pad1.20x1.40mm_HandSolder","~","","","","",""
"","","R5","5.1k","Device:R","Resistor_SMD:R_0805_2012Metric_Pad1.20x1.40mm_HandSolder","~","","","","",""
"","","R6","1.5k","Device:R","Resistor_SMD:R_0805_2012Metric_Pad1.20x1.40mm_HandSolder","~","","","","",""
"","","R7","1.5k","Device:R","Resistor_SMD:R_0805_2012Metric_Pad1.20x1.40mm_HandSolder","~","","","","",""
"","","R8","1.5k","Device:R","Resistor_SMD:R_0805_2012Metric_Pad1.20x1.40mm_HandSolder","~","","","","",""
"","","R9","300","Device:R","Resistor_SMD:R_0805_2012Metric_Pad1.20x1.40mm_HandSolder","~","","","","",""
"","","R10","R","Device:R","Resistor_SMD:R_0805_2012Metric_Pad1.20x1.40mm_HandSolder","~","","","","",""
"","","R11","Optional","Device:R","Resistor_SMD:R_0805_2012Metric_Pad1.20x1.40mm_HandSolder","~","","","","",""
"","","R12","10k","Device:R","Resistor_SMD:R_0805_2012Metric_Pad1.20x1.40mm_HandSolder","~","","","","",""
"","","R13","R","Device:R","Resistor_SMD:R_0805_2012Metric_Pad1.20x1.40mm_HandSolder","~","","","","",""
"","","R14","0","Device:R","Resistor_SMD:R_0805_2012Metric_Pad1.20x1.40mm_HandSolder","~","","","","",""
"","","R15","10k","Device:R","Resistor_SMD:R_0805_2012Metric_Pad1.20x1.40mm_HandSolder","~","","","","",""
"","","R16","10k","Device:R","Resistor_SMD:R_0805_2012Metric_Pad1.20x1.40mm_HandSolder","~","","","","",""
"","","R17","10k","Device:R","Resistor_SMD:R_0805_2012Metric_Pad1.20x1.40mm_HandSolder","~","","","","",""
"","","R18","10k","Device:R","Resistor_SMD:R_0805_2012Metric_Pad1.20x1.40mm_HandSolder","~","","","","",""
"","","R19","10k","Device:R","Resistor_SMD:R_0805_2012Metric_Pad1.20x1.40mm_HandSolder","~","","","","",""
"","","R20","10k","Device:R","Resistor_SMD:R_0805_2012Metric_Pad1.20x1.40mm_HandSolder","~","","","","",""
"","","R21","10k","Device:R","Resistor_SMD:R_0805_2012Metric_Pad1.20x1.40mm_HandSolder","~","","","","",""
"","","R22","10k","Device:R","Resistor_SMD:R_0805_2012Metric_Pad1.20x1.40mm_HandSolder","~","","","","",""
"","","R23","10k","Device:R","Resistor_SMD:R_0805_2012Metric_Pad1.20x1.40mm_HandSolder","~","","","","",""
"","","R24","10k","Device:R","Resistor_SMD:R_0805_2012Metric_Pad1.20x1.40mm_HandSolder","~","","","","",""
"","","R25","22.1k","Device:R","Resistor_SMD:R_0805_2012Metric_Pad1.20x1.40mm_HandSolder","~","","","","",""
"","","R26","47.5k","Device:R","Resistor_SMD:R_0805_2012Metric_Pad1.20x1.40mm_HandSolder","~","","","","",""
"","","R27","1k","Device:R","Resistor_SMD:R_0805_2012Metric_Pad1.20x1.40mm_HandSolder","~","","","","",""
"","","R28","10k","Device:R","Resistor_SMD:R_0805_2012Metric_Pad1.20x1.40mm_HandSolder","~","","","","",""
"","","R29","0","Device:R","Resistor_SMD:R_0805_2012Metric_Pad1.20x1.40mm_HandSolder","~","","","","",""
"","","R30","0","Device:R","Resistor_SMD:R_0805_2012Metric_Pad1.20x1.40mm_HandSolder","~","","","","",""
"","","R31","10k","Device:R","Resistor_SMD:R_0805_2012Metric_Pad1.20x1.40mm_HandSolder","~","","","","",""
"","","R32","10k","Device:R","Resistor_SMD:R_0805_2012Metric_Pad1.20x1.40mm_HandSolder","~","","","","",""
"","","R33","0","Device:R","Resistor_SMD:R_0805_2012Metric_Pad1.20x1.40mm_HandSolder","~","","","","",""
"","","R34","0","Device:R","Resistor_SMD:R_0805_2012Metric_Pad1.20x1.40mm_HandSolder","~","","","","",""
"","","SW1","SW_Push","Switch:SW_Push","JLCPCB_Components:Switch_Small","~","","","","",""
"","","SW2","SW_Push","Switch:SW_Push","JLCPCB_Components:Switch_Small","~","","","","",""
"","","SW3","SW_Push","Switch:SW_Push","Button_Switch_THT:SW_PUSH-12mm","~","","","","",""
"","","SW4","SW_Push","Switch:SW_Push","Button_Switch_THT:SW_PUSH-12mm","~","","","","",""
"","","SW5","SW_Push","Switch:SW_Push","Button_Switch_THT:SW_PUSH-12mm","~","","","","",""
"","","SW6","SW_Push","Switch:SW_Push","Button_Switch_THT:SW_PUSH-12mm","~","","","","",""
"","","SW7","SW_Push","Switch:SW_Push","Button_Switch_THT:SW_PUSH-12mm","~","","","","",""
"","","U1","BQ24074RGT","Battery_Management:BQ24074RGT","Package_DFN_QFN:VQFN-16-1EP_3x3mm_P0.5mm_EP1.6x1.6mm","http://www.ti.com/lit/ds/symlink/bq24074.pdf","","","","",""
"","","U2","LD1117S33TR_SOT223","Regulator_Linear:LD1117S33TR_SOT223","Package_TO_SOT_SMD:SOT-223-3_TabPin2","http://www.st.com/st-web-ui/static/active/en/resource/technical/document/datasheet/CD00000544.pdf","","","","",""
"","","U3","ESP32-S3-WROOM-1","Espressif:ESP32-S3-WROOM-1","Espressif:ESP32-S3-WROOM-1U","","https://www.espressif.com/sites/default/files/documentation/esp32-s3-wroom-1_wroom-1u_datasheet_en.pdf","Espressif:ESP32-S3-WROOM-1","https://jlcpcb.com/partdetail/3522416-ESP32_S3_WROOM_1UN16R8/C3013946","U","ESP32-S3-WROOM-1"
"","","U4","CP2102N-Axx-xQFN28","Interface_USB:CP2102N-Axx-xQFN28","Package_DFN_QFN:QFN-28-1EP_5x5mm_P0.5mm_EP3.35x3.35mm","https://www.silabs.com/documents/public/data-sheets/cp2102n-datasheet.pdf","","","","",""
"","","Y1","32.768 kHz","Device:Crystal","Crystal:Crystal_SMD_3215-2Pin_3.2x1.5mm","~","","","","",""



"Collated Components:"

"Item","Qty","Reference(s)","Value","LibPart","Footprint","Datasheet","Datasheet_1","Footprint_1","JLCPCB_Component","Reference_1","Value_1"
"1","3","C1, C6, C18","1u","Device:C","Capacitor_SMD:C_0805_2012Metric_Pad1.18x1.45mm_HandSolder","~","","","","",""
"2","1","C2","4.7u","Device:C","Capacitor_SMD:C_0805_2012Metric_Pad1.18x1.45mm_HandSolder","~","","","","",""
"3","2","C3, C19","10u","Device:C","Capacitor_SMD:C_0805_2012Metric_Pad1.18x1.45mm_HandSolder","~","","","","",""
"4","5","C4, C5, C8, C9, C12","0.1u","Device:C","Capacitor_SMD:C_0805_2012Metric_Pad1.18x1.45mm_HandSolder","~","","","","",""
"5","2","C7, C10","15p","Device:C","Capacitor_SMD:C_0805_2012Metric_Pad1.18x1.45mm_HandSolder","~","","","","",""
"6","1","C11","22u","Device:C","Capacitor_SMD:C_0805_2012Metric_Pad1.18x1.45mm_HandSolder","~","","","","",""
"7","5","C13, C14, C15, C16, C17","1n","Device:C","Capacitor_SMD:C_0805_2012Metric_Pad1.18x1.45mm_HandSolder","~","","","","",""
"8","3","D1, D2, D8","ESD9B5.0ST5G","Diode:ESD9B5.0ST5G","Diode_SMD:D_SOD-923","https://www.onsemi.com/pub/Collateral/ESD9B-D.PDF","","","","",""
"9","4","D3, D4, D6, D7","LED","Device:LED","LED_SMD:LED_0805_2012Metric_Pad1.15x1.40mm_HandSolder","~","","","","",""
"10","1","D5","40V","Device:D_Schottky","Diode_SMD:D_SOD-123F","https://www.onsemi.com/pdf/datasheet/ss26fl-d.pdf","","","","",""
"11","1","FB1","120 ohms","Device:FerriteBead","Resistor_SMD:R_0805_2012Metric_Pad1.20x1.40mm_HandSolder","~","","","","",""
"12","6","H1, H2, H3, H4, H5, H6","MountingHole","Mechanical:MountingHole","MountingHole:MountingHole_3.2mm_M3","~","","","","",""
"13","1","J1","USB_C_Receptacle_USB2.0","Connector:USB_C_Receptacle_USB2.0","Connector_USB:USB_C_Receptacle_HRO_TYPE-C-31-M-12","https://www.usb.org/sites/default/files/documents/usb_type-c.zip","","","","",""
"14","1","J2","Conn_01x03","Connector_Generic:Conn_01x03","Connector_JST:JST_PH_B3B-PH-K_1x03_P2.00mm_Vertical","~","","","","",""
"15","1","J3","Conn_01x09_Male","Connector:Conn_01x09_Male","Connector_PinHeader_2.54mm:PinHeader_1x09_P2.54mm_Vertical","~","","","","",""
"16","2","Q1, Q2","BC818","Transistor_BJT:BC818","Package_TO_SOT_SMD:SOT-23","https://www.onsemi.com/pub/Collateral/BC818-D.pdf","","","","",""
"17","1","R1","4.12k","Device:R","Resistor_SMD:R_0805_2012Metric_Pad1.20x1.40mm_HandSolder","~","","","","",""
"18","1","R2","1.18k","Device:R","Resistor_SMD:R_0805_2012Metric_Pad1.20x1.40mm_HandSolder","~","","","","",""
"19","1","R3","1.13k","Device:R","Resistor_SMD:R_0805_2012Metric_Pad1.20x1.40mm_HandSolder","~","","","","",""
"20","2","R4, R5","5.1k","Device:R","Resistor_SMD:R_0805_2012Metric_Pad1.20x1.40mm_HandSolder","~","","","","",""
"21","3","R6, R7, R8","1.5k","Device:R","Resistor_SMD:R_0805_2012Metric_Pad1.20x1.40mm_HandSolder","~","","","","",""
"22","1","R9","300","Device:R","Resistor_SMD:R_0805_2012Metric_Pad1.20x1.40mm_HandSolder","~","","","","",""
"23","2","R10, R13","R","Device:R","Resistor_SMD:R_0805_2012Metric_Pad1.20x1.40mm_HandSolder","~","","","","",""
"24","1","R11","Optional","Device:R","Resistor_SMD:R_0805_2012Metric_Pad1.20x1.40mm_HandSolder","~","","","","",""
"25","14","R12, R15, R16, R17, R18, R19, R20, R21, R22, R23, R24, R28, R31, R32","10k","Device:R","Resistor_SMD:R_0805_2012Metric_Pad1.20x1.40mm_HandSolder","~","","","","",""
"26","5","R14, R29, R30, R33, R34","0","Device:R","Resistor_SMD:R_0805_2012Metric_Pad1.20x1.40mm_HandSolder","~","","","","",""
"27","1","R25","22.1k","Device:R","Resistor_SMD:R_0805_2012Metric_Pad1.20x1.40mm_HandSolder","~","","","","",""
"28","1","R26","47.5k","Device:R","Resistor_SMD:R_0805_2012Metric_Pad1.20x1.40mm_HandSolder","~","","","","",""
"29","1","R27","1k","Device:R","Resistor_SMD:R_0805_2012Metric_Pad1.20x1.40mm_HandSolder","~","","","","",""
"30","2","SW1, SW2","SW_Push","Switch:SW_Push","JLCPCB_Components:Switch_Small","~","","","","",""
"31","5","SW3, SW4, SW5, SW6, SW7","SW_Push","Switch:SW_Push","Button_Switch_THT:SW_PUSH-12mm","~","","","","",""
"32","1","U1","BQ24074RGT","Battery_Management:BQ24074RGT","Package_DFN_QFN:VQFN-16-1EP_3x3mm_P0.5mm_EP1.6x1.6mm","http://www.ti.com/lit/ds/symlink/bq24074.pdf","","","","",""
"33","1","U2","LD1117S33TR_SOT223","Regulator_Linear:LD1117S33TR_SOT223","Package_TO_SOT_SMD:SOT-223-3_TabPin2","http://www.st.com/st-web-ui/static/active/en/resource/technical/document/datasheet/CD00000544.pdf","","","","",""
"34","1","U3","ESP32-S3-WROOM-1","Espressif:ESP32-S3-WROOM-1","Espressif:ESP32-S3-WROOM-1U","","https://www.espressif.com/sites/default/files/documentation/esp32-s3-wroom-1_wroom-1u_datasheet_en.pdf","Espressif:ESP32-S3-WROOM-1","https://jlcpcb.com/partdetail/3522416-ESP32_S3_WROOM_1UN16R8/C3013946","U","ESP32-S3-WROOM-1"
"35","1","U4","CP2102N-Axx-xQFN28","Interface_USB:CP2102N-Axx-xQFN28","Package_DFN_QFN:QFN-28-1EP_5x5mm_P0.5mm_EP3.35x3.35mm","https://www.silabs.com/documents/public/data-sheets/cp2102n-datasheet.pdf","","","","",""
"36","1","Y1","32.768 kHz","Device:Crystal","Crystal:Crystal_SMD_3215-2Pin_3.2x1.5mm","~","","","","",""
